{
    "sample_index": 4,
    "dataset_index": 4,
    "manifest_sample_index": 4,
    "source_image_path": "data/processed/Pneumonia/test/NORMAL/IM-0007-0001.jpeg",
    "true_label_index": 0,
    "true_label": "NORMAL",
    "original_prediction_index": 0,
    "original_prediction": "NORMAL",
    "original_confidence_before_resize": 0.835712194442749,
    "target_class_index": 1,
    "target_class": "PNEUMONIA",
    "target_initial_confidence_before_resize": 0.16428779065608978,
    "adapter_forward_check": {
        "logits_shape": [
            1,
            2
        ],
        "prediction_index": 0,
        "confidence": 0.783171534538269,
        "probabilities": [
            0.783171534538269,
            0.21682845056056976
        ]
    },
    "classifier_guidance_gradient_check": {
        "target_loss": 1.5286489725112915,
        "gradient_available": true,
        "gradient_stats": {
            "shape": [
                1,
                3,
                256,
                256
            ],
            "min": -0.926282525062561,
            "max": 0.7551629543304443,
            "mean": 3.406523683224805e-05,
            "std": 0.05621670186519623
        },
        "has_nonzero_gradient": true
    },
    "input_01_stats": {
        "shape": [
            1,
            3,
            224,
            224
        ],
        "min": 0.0627450942993164,
        "max": 0.9647059440612793,
        "mean": 0.5401108860969543,
        "std": 0.2093123495578766
    },
    "input_256_stats": {
        "shape": [
            1,
            3,
            256,
            256
        ],
        "min": 0.06323529034852982,
        "max": 0.9611213207244873,
        "mean": 0.5401121377944946,
        "std": 0.2085568606853485
    },
    "sample_preview_path": "results/fixed_evaluation/dvce_pneumonia_manifest_5_medical_checkpoint_guidance200_sim10_skip40/sample_04/dvce_medical_input_256.png",
    "ok": true,
    "error": null,
    "runtime_seconds": 16.13,
    "steps_seen": 10,
    "use_ddim": false,
    "use_fp16": false,
    "classifier_guidance_scale": 200.0,
    "similarity_guidance_scale": 10.0,
    "seed": 5,
    "original_confidence": 0.783171534538269,
    "counterfactual_prediction_index": 1,
    "counterfactual_prediction": "PNEUMONIA",
    "counterfactual_confidence": 0.521165132522583,
    "valid_counterfactual": true,
    "original_probabilities": [
        0.783171534538269,
        0.21682845056056976
    ],
    "counterfactual_probabilities": [
        0.478834867477417,
        0.521165132522583
    ],
    "counterfactual_path": "results/fixed_evaluation/dvce_pneumonia_manifest_5_medical_checkpoint_guidance200_sim10_skip40/sample_04/dvce_counterfactual_candidate.png",
    "difference_path": "results/fixed_evaluation/dvce_pneumonia_manifest_5_medical_checkpoint_guidance200_sim10_skip40/sample_04/dvce_absolute_difference.png",
    "visualization_path": "results/fixed_evaluation/dvce_pneumonia_manifest_5_medical_checkpoint_guidance200_sim10_skip40/sample_04/dvce_counterfactual_visualization.png",
    "original_stats": {
        "shape": [
            1,
            3,
            256,
            256
        ],
        "min": 0.06323529034852982,
        "max": 0.9611213207244873,
        "mean": 0.5401121377944946,
        "std": 0.2085568606853485
    },
    "counterfactual_stats": {
        "shape": [
            1,
            3,
            256,
            256
        ],
        "min": 0.055917888879776,
        "max": 0.9586249589920044,
        "mean": 0.5406971573829651,
        "std": 0.2072758972644806
    },
    "diff_stats": {
        "shape": [
            1,
            3,
            256,
            256
        ],
        "min": 3.5762786865234375e-07,
        "max": 0.4389629364013672,
        "mean": 0.025230368599295616,
        "std": 0.021350089460611343
    },
    "changed_pixels_threshold_0_05": 0.1219024658203125,
    "mean_absolute_difference": 0.025230368599295616
}