{
    "model_path": "models/busi_resnet18_robust_pgd.pth",
    "dataset_path": "data/processed/BUSI",
    "classes": [
        "benign",
        "malignant",
        "normal"
    ],
    "class_to_idx": {
        "benign": 0,
        "malignant": 1,
        "normal": 2
    },
    "accuracy": 0.5932203389830508,
    "f1_weighted": 0.5360449374249945,
    "precision_weighted": 0.5989852520360995,
    "recall_weighted": 0.5932203389830508,
    "classification_report": "              precision    recall  f1-score   support\n\n      benign       0.59      0.89      0.71        66\n   malignant       0.55      0.19      0.28        32\n      normal       0.71      0.25      0.37        20\n\n    accuracy                           0.59       118\n   macro avg       0.62      0.44      0.45       118\nweighted avg       0.60      0.59      0.54       118\n",
    "confusion_matrix": [
        [
            59,
            5,
            2
        ],
        [
            26,
            6,
            0
        ],
        [
            15,
            0,
            5
        ]
    ]
}