{
    "sample_index": 3,
    "dataset_index": 3,
    "manifest_sample_index": 3,
    "source_image_path": "data/processed/Pneumonia/test/NORMAL/IM-0006-0001.jpeg",
    "true_label_index": 0,
    "true_label": "NORMAL",
    "original_prediction_index": 0,
    "original_prediction": "NORMAL",
    "original_confidence_before_resize": 0.572936475276947,
    "target_class_index": 1,
    "target_class": "PNEUMONIA",
    "target_initial_confidence_before_resize": 0.4270634651184082,
    "adapter_forward_check": {
        "logits_shape": [
            1,
            2
        ],
        "prediction_index": 0,
        "confidence": 0.5549250841140747,
        "probabilities": [
            0.5549250841140747,
            0.4450748860836029
        ]
    },
    "classifier_guidance_gradient_check": {
        "target_loss": 0.8095126152038574,
        "gradient_available": true,
        "gradient_stats": {
            "shape": [
                1,
                3,
                256,
                256
            ],
            "min": -0.6180052757263184,
            "max": 1.0524377822875977,
            "mean": 2.8787297196686268e-05,
            "std": 0.06134900078177452
        },
        "has_nonzero_gradient": true
    },
    "input_01_stats": {
        "shape": [
            1,
            3,
            224,
            224
        ],
        "min": 0.0156862735748291,
        "max": 0.9450980424880981,
        "mean": 0.5832229256629944,
        "std": 0.16324013471603394
    },
    "input_256_stats": {
        "shape": [
            1,
            3,
            256,
            256
        ],
        "min": 0.01617646962404251,
        "max": 0.9337928891181946,
        "mean": 0.583211362361908,
        "std": 0.16263651847839355
    },
    "sample_preview_path": "results/fixed_evaluation/dvce_pneumonia_manifest_5_medical_checkpoint_guidance200_sim10_skip40/sample_03/dvce_medical_input_256.png",
    "ok": true,
    "error": null,
    "runtime_seconds": 15.729,
    "steps_seen": 10,
    "use_ddim": false,
    "use_fp16": false,
    "classifier_guidance_scale": 200.0,
    "similarity_guidance_scale": 10.0,
    "seed": 4,
    "original_confidence": 0.5549250841140747,
    "counterfactual_prediction_index": 1,
    "counterfactual_prediction": "PNEUMONIA",
    "counterfactual_confidence": 0.7818618416786194,
    "valid_counterfactual": true,
    "original_probabilities": [
        0.5549250841140747,
        0.4450748860836029
    ],
    "counterfactual_probabilities": [
        0.2181382030248642,
        0.7818618416786194
    ],
    "counterfactual_path": "results/fixed_evaluation/dvce_pneumonia_manifest_5_medical_checkpoint_guidance200_sim10_skip40/sample_03/dvce_counterfactual_candidate.png",
    "difference_path": "results/fixed_evaluation/dvce_pneumonia_manifest_5_medical_checkpoint_guidance200_sim10_skip40/sample_03/dvce_absolute_difference.png",
    "visualization_path": "results/fixed_evaluation/dvce_pneumonia_manifest_5_medical_checkpoint_guidance200_sim10_skip40/sample_03/dvce_counterfactual_visualization.png",
    "original_stats": {
        "shape": [
            1,
            3,
            256,
            256
        ],
        "min": 0.01617646962404251,
        "max": 0.9337928891181946,
        "mean": 0.583211362361908,
        "std": 0.16263651847839355
    },
    "counterfactual_stats": {
        "shape": [
            1,
            3,
            256,
            256
        ],
        "min": 0.00922355055809021,
        "max": 0.8928053379058838,
        "mean": 0.5834293961524963,
        "std": 0.1615246683359146
    },
    "diff_stats": {
        "shape": [
            1,
            3,
            256,
            256
        ],
        "min": 2.9802322387695312e-08,
        "max": 0.16227313876152039,
        "mean": 0.0249320138245821,
        "std": 0.0197918564081192
    },
    "changed_pixels_threshold_0_05": 0.1136627197265625,
    "mean_absolute_difference": 0.0249320138245821
}