{
    "sample_index": 1,
    "dataset_index": 1,
    "manifest_sample_index": 1,
    "source_image_path": "data/processed/Pneumonia/test/NORMAL/IM-0003-0001.jpeg",
    "true_label_index": 0,
    "true_label": "NORMAL",
    "original_prediction_index": 0,
    "original_prediction": "NORMAL",
    "original_confidence_before_resize": 0.8753835558891296,
    "target_class_index": 1,
    "target_class": "PNEUMONIA",
    "target_initial_confidence_before_resize": 0.12461639940738678,
    "adapter_forward_check": {
        "logits_shape": [
            1,
            2
        ],
        "prediction_index": 0,
        "confidence": 0.8844572305679321,
        "probabilities": [
            0.8844572305679321,
            0.11554272472858429
        ]
    },
    "classifier_guidance_gradient_check": {
        "target_loss": 2.1581149101257324,
        "gradient_available": true,
        "gradient_stats": {
            "shape": [
                1,
                3,
                256,
                256
            ],
            "min": -1.6489052772521973,
            "max": 1.2854132652282715,
            "mean": 4.582537803798914e-05,
            "std": 0.08972615748643875
        },
        "has_nonzero_gradient": true
    },
    "input_01_stats": {
        "shape": [
            1,
            3,
            224,
            224
        ],
        "min": 0.06666666269302368,
        "max": 0.9921568632125854,
        "mean": 0.5587130784988403,
        "std": 0.23605208098888397
    },
    "input_256_stats": {
        "shape": [
            1,
            3,
            256,
            256
        ],
        "min": 0.06960783898830414,
        "max": 0.9810815453529358,
        "mean": 0.5586726665496826,
        "std": 0.2354816049337387
    },
    "sample_preview_path": "results/fixed_evaluation/dvce_pneumonia_manifest_5_medical_checkpoint_guidance200_sim10_skip40/sample_01/dvce_medical_input_256.png",
    "ok": true,
    "error": null,
    "runtime_seconds": 15.412,
    "steps_seen": 10,
    "use_ddim": false,
    "use_fp16": false,
    "classifier_guidance_scale": 200.0,
    "similarity_guidance_scale": 10.0,
    "seed": 2,
    "original_confidence": 0.8844572305679321,
    "counterfactual_prediction_index": 0,
    "counterfactual_prediction": "NORMAL",
    "counterfactual_confidence": 0.6596289277076721,
    "valid_counterfactual": false,
    "original_probabilities": [
        0.8844572305679321,
        0.11554272472858429
    ],
    "counterfactual_probabilities": [
        0.6596289277076721,
        0.3403710126876831
    ],
    "counterfactual_path": "results/fixed_evaluation/dvce_pneumonia_manifest_5_medical_checkpoint_guidance200_sim10_skip40/sample_01/dvce_counterfactual_candidate.png",
    "difference_path": "results/fixed_evaluation/dvce_pneumonia_manifest_5_medical_checkpoint_guidance200_sim10_skip40/sample_01/dvce_absolute_difference.png",
    "visualization_path": "results/fixed_evaluation/dvce_pneumonia_manifest_5_medical_checkpoint_guidance200_sim10_skip40/sample_01/dvce_counterfactual_visualization.png",
    "original_stats": {
        "shape": [
            1,
            3,
            256,
            256
        ],
        "min": 0.06960783898830414,
        "max": 0.9810815453529358,
        "mean": 0.5586726665496826,
        "std": 0.2354816049337387
    },
    "counterfactual_stats": {
        "shape": [
            1,
            3,
            256,
            256
        ],
        "min": 0.05583032965660095,
        "max": 0.9973403215408325,
        "mean": 0.5599733591079712,
        "std": 0.23622192442417145
    },
    "diff_stats": {
        "shape": [
            1,
            3,
            256,
            256
        ],
        "min": 2.384185791015625e-07,
        "max": 0.2464093267917633,
        "mean": 0.022069944068789482,
        "std": 0.019917864352464676
    },
    "changed_pixels_threshold_0_05": 0.09393310546875,
    "mean_absolute_difference": 0.022069944068789482
}