{
    "model_path": "models/pneumonia_resnet18_improved.pth",
    "dataset_path": "data/processed/Pneumonia",
    "classes": [
        "NORMAL",
        "PNEUMONIA"
    ],
    "class_to_idx": {
        "NORMAL": 0,
        "PNEUMONIA": 1
    },
    "accuracy": 0.7964743589743589,
    "f1_weighted": 0.7752461346736743,
    "precision_weighted": 0.8359250875544546,
    "recall_weighted": 0.7964743589743589,
    "classification_report": "              precision    recall  f1-score   support\n\n      NORMAL       0.97      0.47      0.64       234\n   PNEUMONIA       0.76      0.99      0.86       390\n\n    accuracy                           0.80       624\n   macro avg       0.86      0.73      0.75       624\nweighted avg       0.84      0.80      0.78       624\n",
    "confusion_matrix": [
        [
            111,
            123
        ],
        [
            4,
            386
        ]
    ]
}