{
    "model_path": "models/busi_resnet18_improved.pth",
    "dataset_path": "data/processed/BUSI",
    "classes": [
        "benign",
        "malignant",
        "normal"
    ],
    "class_to_idx": {
        "benign": 0,
        "malignant": 1,
        "normal": 2
    },
    "accuracy": 0.7203389830508474,
    "f1_weighted": 0.7220798904550609,
    "precision_weighted": 0.7394173834851799,
    "recall_weighted": 0.7203389830508474,
    "classification_report": "              precision    recall  f1-score   support\n\n      benign       0.81      0.67      0.73        66\n   malignant       0.68      0.78      0.72        32\n      normal       0.59      0.80      0.68        20\n\n    accuracy                           0.72       118\n   macro avg       0.69      0.75      0.71       118\nweighted avg       0.74      0.72      0.72       118\n",
    "confusion_matrix": [
        [
            44,
            11,
            11
        ],
        [
            7,
            25,
            0
        ],
        [
            3,
            1,
            16
        ]
    ]
}