{
    "model_path": "models/pneumonia_resnet18.pth",
    "dataset_path": "data/processed/Pneumonia",
    "classes": [
        "NORMAL",
        "PNEUMONIA"
    ],
    "class_to_idx": {
        "NORMAL": 0,
        "PNEUMONIA": 1
    },
    "accuracy": 0.7884615384615384,
    "f1_weighted": 0.7678876123307928,
    "precision_weighted": 0.8193452380952382,
    "recall_weighted": 0.7884615384615384,
    "classification_report": "              precision    recall  f1-score   support\n\n      NORMAL       0.93      0.47      0.63       234\n   PNEUMONIA       0.76      0.98      0.85       390\n\n    accuracy                           0.79       624\n   macro avg       0.84      0.73      0.74       624\nweighted avg       0.82      0.79      0.77       624\n",
    "confusion_matrix": [
        [
            111,
            123
        ],
        [
            9,
            381
        ]
    ]
}