{
    "model_path": "models/pneumonia_resnet18_pretrained.pth",
    "dataset_path": "data/processed/Pneumonia",
    "classes": [
        "NORMAL",
        "PNEUMONIA"
    ],
    "class_to_idx": {
        "NORMAL": 0,
        "PNEUMONIA": 1
    },
    "accuracy": 0.8782051282051282,
    "f1_weighted": 0.8731758246914739,
    "precision_weighted": 0.8903990671158332,
    "recall_weighted": 0.8782051282051282,
    "classification_report": "              precision    recall  f1-score   support\n\n      NORMAL       0.96      0.70      0.81       234\n   PNEUMONIA       0.85      0.98      0.91       390\n\n    accuracy                           0.88       624\n   macro avg       0.91      0.84      0.86       624\nweighted avg       0.89      0.88      0.87       624\n",
    "confusion_matrix": [
        [
            164,
            70
        ],
        [
            6,
            384
        ]
    ]
}