{
    "sample_index": 0,
    "dataset_index": 0,
    "manifest_sample_index": 0,
    "source_image_path": "data/processed/Pneumonia/test/NORMAL/IM-0001-0001.jpeg",
    "true_label_index": 0,
    "true_label": "NORMAL",
    "original_prediction_index": 0,
    "original_prediction": "NORMAL",
    "original_confidence_before_resize": 0.6365812420845032,
    "target_class_index": 1,
    "target_class": "PNEUMONIA",
    "target_initial_confidence_before_resize": 0.36341869831085205,
    "adapter_forward_check": {
        "logits_shape": [
            1,
            2
        ],
        "prediction_index": 0,
        "confidence": 0.5635339021682739,
        "probabilities": [
            0.5635339021682739,
            0.43646612763404846
        ]
    },
    "classifier_guidance_gradient_check": {
        "target_loss": 0.82904452085495,
        "gradient_available": true,
        "gradient_stats": {
            "shape": [
                1,
                3,
                256,
                256
            ],
            "min": -0.6398410797119141,
            "max": 0.5465206503868103,
            "mean": 3.809128611464985e-05,
            "std": 0.03651632368564606
        },
        "has_nonzero_gradient": true
    },
    "input_01_stats": {
        "shape": [
            1,
            3,
            224,
            224
        ],
        "min": 0.047058820724487305,
        "max": 0.9529411792755127,
        "mean": 0.5138252973556519,
        "std": 0.2218317836523056
    },
    "input_256_stats": {
        "shape": [
            1,
            3,
            256,
            256
        ],
        "min": 0.04852940887212753,
        "max": 0.9455575942993164,
        "mean": 0.5138214230537415,
        "std": 0.22115056216716766
    },
    "sample_preview_path": "results/fixed_evaluation/dvce_pneumonia_manifest_5_medical_checkpoint_guidance200_sim10_skip40/sample_00/dvce_medical_input_256.png",
    "ok": true,
    "error": null,
    "runtime_seconds": 15.629,
    "steps_seen": 10,
    "use_ddim": false,
    "use_fp16": false,
    "classifier_guidance_scale": 200.0,
    "similarity_guidance_scale": 10.0,
    "seed": 1,
    "original_confidence": 0.5635339021682739,
    "counterfactual_prediction_index": 1,
    "counterfactual_prediction": "PNEUMONIA",
    "counterfactual_confidence": 0.9998654127120972,
    "valid_counterfactual": true,
    "original_probabilities": [
        0.5635339021682739,
        0.43646612763404846
    ],
    "counterfactual_probabilities": [
        0.00013451041013468057,
        0.9998654127120972
    ],
    "counterfactual_path": "results/fixed_evaluation/dvce_pneumonia_manifest_5_medical_checkpoint_guidance200_sim10_skip40/sample_00/dvce_counterfactual_candidate.png",
    "difference_path": "results/fixed_evaluation/dvce_pneumonia_manifest_5_medical_checkpoint_guidance200_sim10_skip40/sample_00/dvce_absolute_difference.png",
    "visualization_path": "results/fixed_evaluation/dvce_pneumonia_manifest_5_medical_checkpoint_guidance200_sim10_skip40/sample_00/dvce_counterfactual_visualization.png",
    "original_stats": {
        "shape": [
            1,
            3,
            256,
            256
        ],
        "min": 0.04852940887212753,
        "max": 0.9455575942993164,
        "mean": 0.5138214230537415,
        "std": 0.22115056216716766
    },
    "counterfactual_stats": {
        "shape": [
            1,
            3,
            256,
            256
        ],
        "min": 0.0,
        "max": 1.0,
        "mean": 0.5158951878547668,
        "std": 0.28150689601898193
    },
    "diff_stats": {
        "shape": [
            1,
            3,
            256,
            256
        ],
        "min": 9.5367431640625e-07,
        "max": 0.9098039269447327,
        "mean": 0.15648798644542694,
        "std": 0.1172889843583107
    },
    "changed_pixels_threshold_0_05": 0.8108927607536316,
    "mean_absolute_difference": 0.15648798644542694
}